DELETE FROM route_points;
DELETE FROM route_stops;
DELETE FROM buses;
DELETE FROM stops;
DELETE FROM routes;

INSERT INTO routes (route_id, route_name, start_point, end_depot) VALUES
(1,'01 Yen Nghia - Go Dong Da','Ben xe Yen Nghia','Go Dong Da'),
(2,'02 Yen Nghia - Times City','Ben xe Yen Nghia','Times City'),
(3,'03 Yen Nghia - DH GTVT','Ben xe Yen Nghia','DH Giao Thong Van Tai'),
(4,'04 DH Phenikaa - THPT Nhan Chinh','DH Phenikaa','THPT Nhan Chinh'),
(5,'05 DH Phenikaa - CV Yen So','DH Phenikaa','Cong vien Yen So');



-- ==========================================================
-- B. BUSES
-- ==========================================================
INSERT INTO buses (bus_id, route_id) VALUES
('01',1),
('02',2),
('03',3),
('04',4),
('05',5);
-- ==========================================================
-- C. STOPS (73 Unique Stops Deduplicated)
-- ==========================================================
INSERT INTO stops (stop_id, stop_name, lat, lon) VALUES
(1, 'Đại học Phenikaa', 20.962869368718543, 105.74844721874416),
(2, 'Đối diện nghĩa trang La Khê', 20.966491540853664, 105.7524769546444),
(3, 'Gần cầu La Khê', 20.970650249482564, 105.75525777005774),
(4, 'KĐT An Hưng', 20.97255769022823, 105.75737963451847),
(5, 'Nam Cường building', 20.975075063231166, 105.76060150036548),
(6, 'KĐT Dương Nội', 20.978377405747295, 105.76478103297282),
(7, 'Ngã 4 Vạn Phúc', 20.982666307026985, 105.77069612444187),
(8, 'Nhà chờ BRT Vạn Phúc', 20.985232427567112, 105.77572872545302),
(9, 'Nhà chờ BRT Mỗ Lao', 20.988211094397048, 105.78008034348416),
(10, 'Nhà chờ BRT Trung Văn', 20.991674377611822, 105.78511800134248),
(11, 'Trường THPT Trung Văn', 20.994045389810356, 105.78938347741328),
(12, 'Công viên Phùng Khoang', 20.99562103354413, 105.79168306252936),
(13, 'Chung cư Bắc Hà', 20.997469620589662, 105.7943383139774),
(14, 'Đối diện nhà N2E KĐT Trung Hòa Nhân Chính', 21.002851232080946, 105.80152680357946),
(15, 'Trường THPT Nhân Chính', 21.00376768442409, 105.80701082986309),
(16, 'Nhà chờ BRT ParkCity', 20.96748121367536, 105.75546230825134),
(17, 'Nhà chờ BRT La Khê', 20.965364826375225, 105.75929388427062),
(18, 'Ga tàu điện La Khê', 20.963551969097495, 105.76667415538645),
(19, '407 Quang Trung', 20.965168220554794, 105.76880902987081),
(20, 'Nhà thi đấu Hà Đông', 20.967385672830808, 105.77166511561786),
(21, 'Bệnh viện Đa khoa Hà Đông', 20.970564678687186, 105.7756749087504),
(22, 'Bưu điện Hà Đông', 20.97232274939457, 105.77786676916456),
(23, 'Trung tâm văn hóa thành phố Hà Nội - đường Phùng Hưng', 20.972381290362026, 105.78244356461772),
(24, '70 Phùng Hưng', 20.96894832544809, 105.785340992182),
(25, 'Học viện Quân Y', 20.96688269024005, 105.7894795625306),
(26, 'Bệnh viện K Tân Triều', 20.964517168314106, 105.79846557348054),
(27, 'Viện kiểm sát nhân dân thành phố Hà Nội', 20.974633402863272, 105.80984525389522),
(28, 'Trường Đại học Thăng Long', 20.97574496993849, 105.8145509080829),
(29, 'KĐT Kim Văn - Kim Lũ', 20.97167290387512, 105.82085976571874),
(30, 'Số 6 Cầu Dậu', 20.97004044862945, 105.82605792130703),
(31, 'Chợ Xanh Linh Đàm', 20.965939364154202, 105.8357178127165),
(32, 'Tượng đài liệt sĩ phường Hoàng Liệt', 20.96557317016136, 105.8395703053542),
(33, 'Cổng C bến xe Nước Ngầm', 20.96546284104069, 105.84324740068124),
(34, 'Công viên Yên Sở', 20.96491974374463, 105.8541568507386),
(35, 'Bến xe Yên Nghĩa', 20.949401228529112, 105.74807072729493),
(36, 'Trường trung cấp kinh tế-kỹ thuật và công nghệ Hà Nội', 20.951271312733493, 105.75046243906645),
(37, 'Trung tâm đăng kiểm xe cơ giới', 20.954310727741586, 105.75441975532618),
(38, 'Đội cảnh sát giao thông số 10', 20.95800156098279, 105.75965676280377),
(39, 'Chợ Văn La', 20.96015850727451, 105.76248737824638),
(40, 'Liên minh hợp tác xã Hà Nội', 20.975854077977264, 105.78259657275548),
(41, 'Ga Văn Quán', 20.977377728695792, 105.784742356909),
(42, 'Siêu thị Nguyễn Kim', 20.979389041120065, 105.78719689098367),
(43, 'Đại học Kiến trúc', 20.981015460530983, 105.78926794889375),
(44, 'Học viện An ninh nhân dân', 20.9828104922889, 105.79149981526987),
(45, 'Ga Phùng Khoang', 20.983943961376404, 105.79302302247578),
(46, 'Trường Đại học Hà Nội', 20.98693425048122, 105.79720314398273),
(47, 'Cục cảnh sát phòng chống tội phạm về môi trường', 20.988424766830622, 105.7992934912523),
(48, 'Học viện Khoa học xã hội', 20.990132656900688, 105.80175575912156),
(49, 'Cục sở hữu trí tuệ', 20.99328123511664, 105.8062172149292),
(50, 'Trường đại học Khoa học tự nhiên', 20.995303360645636, 105.80914095821062),
(51, 'Ga Thượng Đình', 20.997878363849537, 105.81297277110178),
(52, 'Royal City', 20.999470251828438, 105.81535904767742),
(53, 'Sân vận động Thượng Đình', 21.00065534409906, 105.81719816412763),
(54, 'Đại học Thủy lợi', 21.007380632089532, 105.8235817302255),
(55, 'Gò Đống Đa', 21.010420971231568, 105.82508120188055),
(56, 'Ngã Tư Sở', 21.003981589893833, 105.81865126293827),
(57, 'Trường Đảng Lê Hồng Phong', 21.005913608338997, 105.81670867198766),
(58, 'Cầu Cống Mọc', 21.00989009676396, 105.81281857875628),
(59, 'Nhà chờ Láng Hạ A', 21.013110310483942, 105.80801616680876),
(60, 'Cầu 361 Đường Láng', 21.01822601029194, 105.80295740627415),
(61, '1014 Đường Láng', 21.023388287474702, 105.79938616783096),
(62, 'Cầu Yên Hòa', 21.027416591639877, 105.79965847386299),
(63, 'Đại học Giao thông vận tải', 21.028771761738383, 105.80356711213881),
(64, 'Viện Y học phòng không không quân', 21.001357846648798, 105.8261234534866),
(65, 'Bảo tàng PKKQ', 21.00008377209848, 105.8301309656459),
(66, 'Viện thú y quốc gia', 20.998249697292827, 105.83840137864111),
(67, '197 Đại La', 20.99699533562068, 105.84342098078264),
(68, '87 Đại La', 20.996015556980286, 105.84775612036611),
(69, 'Chợ Mơ', 20.995677605657043, 105.8506573820665),
(70, '218 Minh Khai', 20.995225168292592, 105.85465854760095),
(71, 'Cầu Mai Động', 20.99563805231274, 105.8609305551992),
(72, '388 Minh Khai', 20.99667286750694, 105.86391778628328),
(73, 'Times City', 20.997454967752574, 105.8658873728013);

-- ==========================================================
-- D. ROUTE_STOPS (Mapping routes to stops in correct sequence)
-- ==========================================================
INSERT INTO route_stops (route_id, stop_id, stop_order) VALUES
-- Route 1 (01 Yen Nghia - Go Dong Da)
(1, 35, 1), (1, 36, 2), (1, 37, 3), (1, 38, 4), (1, 39, 5), 
(1, 18, 6), (1, 20, 7), (1, 21, 8), (1, 22, 9), (1, 40, 10), 
(1, 41, 11), (1, 42, 12), (1, 43, 13), (1, 44, 14), (1, 45, 15), 
(1, 46, 16), (1, 47, 17), (1, 48, 18), (1, 49, 19), (1, 50, 20), 
(1, 51, 21), (1, 52, 22), (1, 53, 23), (1, 54, 24), (1, 55, 25),

-- Route 2 (02 Yen Nghia - Times City) - Text 'Tuyến 03'
(2, 35, 1), (2, 36, 2), (2, 37, 3), (2, 38, 4), (2, 39, 5), 
(2, 18, 6), (2, 20, 7), (2, 21, 8), (2, 22, 9), (2, 40, 10), 
(2, 41, 11), (2, 42, 12), (2, 43, 13), (2, 44, 14), (2, 45, 15), 
(2, 46, 16), (2, 47, 17), (2, 48, 18), (2, 49, 19), (2, 50, 20), 
(2, 51, 21), (2, 52, 22), (2, 53, 23), (2, 64, 24), (2, 65, 25), 
(2, 66, 26), (2, 67, 27), (2, 68, 28), (2, 69, 29), (2, 70, 30), 
(2, 71, 31), (2, 72, 32), (2, 73, 33),

-- Route 3 (03 Yen Nghia - DH GTVT) - Text 'Tuyến 02'
(3, 35, 1), (3, 36, 2), (3, 37, 3), (3, 38, 4), (3, 39, 5), 
(3, 18, 6), (3, 20, 7), (3, 21, 8), (3, 22, 9), (3, 40, 10), 
(3, 41, 11), (3, 42, 12), (3, 43, 13), (3, 44, 14), (3, 45, 15), 
(3, 46, 16), (3, 47, 17), (3, 48, 18), (3, 49, 19), (3, 50, 20), 
(3, 51, 21), (3, 52, 22), (3, 53, 23), (3, 56, 24), (3, 57, 25), 
(3, 58, 26), (3, 59, 27), (3, 60, 28), (3, 61, 29), (3, 62, 30), 
(3, 63, 31),

-- Route 4 (04 DH Phenikaa - THPT Nhan Chinh)
(4, 1, 1), (4, 2, 2), (4, 3, 3), (4, 4, 4), (4, 5, 5), 
(4, 6, 6), (4, 7, 7), (4, 8, 8), (4, 9, 9), (4, 10, 10), 
(4, 11, 11), (4, 12, 12), (4, 13, 13), (4, 14, 14), (4, 15, 15),

-- Route 5 (05 DH Phenikaa - CV Yen So)
(5, 1, 1), (5, 16, 2), (5, 17, 3), (5, 18, 4), (5, 19, 5), 
(5, 20, 6), (5, 21, 7), (5, 22, 8), (5, 23, 9), (5, 24, 10), 
(5, 25, 11), (5, 26, 12), (5, 27, 13), (5, 28, 14), (5, 29, 15), 
(5, 30, 16), (5, 31, 17), (5, 32, 18), (5, 33, 19), (5, 34, 20);


-- ==========================================================
-- E. ROUTE_POINTS (FULL GPS)
-- ==========================================================

-- ROUTE 01
INSERT INTO route_points (route_id, point_order, lat, lon) VALUES
(1,1,20.949401228529112,105.74807072729493),
(1,2,20.951210831330684,105.75047123720924),
(1,3,20.954185279466955,105.7543940910092),
(1,4,20.95622141857848,105.75704993892913),
(1,5,20.95677081009184,105.75791454386405),
(1,6,20.958057480464362,105.75956248454116),
(1,7,20.959996077849738,105.76201597761383),
(1,8,20.963501025007872,105.76651376032885),
(1,9,20.965208603089636,105.76867187876195),
(1,10,20.96735767052644,105.77150397922196),
(1,11,20.970148553256365,105.77500415219794),
(1,12,20.970665805467846,105.77569082984036),
(1,13,20.972396514588453,105.77776860412308),
(1,14,20.97316037626642,105.77875888165136),
(1,15,20.975905680220336,105.78257433842208),
(1,16,20.97755799535301,105.78474796639506),
(1,17,20.979490619594785,105.78715336147764),
(1,18,20.98110698776445,105.78918297902061),
(1,19,20.982919006672404,105.79148931642959),
(1,20,20.98402079000593,105.7928743249621),
(1,21,20.98626109284902,105.79604155055875),
(1,22,20.988448534610356,105.79911463152138),
(1,23,20.989152717895905,105.80013223945025),
(1,24,20.990212957402775,105.80174012960083),
(1,25,20.993262133354307,105.80607046760048),
(1,26,20.993838530907695,105.80677394388209),
(1,27,20.995452801234336,105.80912061084382),
(1,28,20.99782755574499,105.81269412875861),
(1,29,20.999533130814783,105.815211190985),
(1,30,21.00079917815431,105.81713190528353),
(1,31,21.001310580468,105.81785959627297),
(1,32,21.00432161250407,105.82186541934465),
(1,33,21.00492261209348,105.82235326665432),
(1,34,21.007403599828052,105.82351636715936),
(1,35,21.010420971231568,105.82508120188055);

INSERT INTO route_points (route_id, point_order, lat, lon) VALUES
(2,1,20.949368384807798,105.74812531940069),
(2,2,20.951218744655108,105.7504783452664),
(2,3,20.954209011428034,105.754393018401),
(2,4,20.956794920061512,105.75793279664538),
(2,5,20.958061463500826,105.75955720837271),
(2,6,20.95999460361783,105.76200871661064),
(2,7,20.963488873783675,105.76651918131279),
(2,8,20.9652002927578,105.76867386513214),
(2,9,20.96735262953183,105.77150432589542),
(2,10,20.970663361611642,105.77569372589579),
(2,11,20.972410873856305,105.77778156993116),
(2,12,20.975913323549676,105.78257890409867),
(2,13,20.97756325482179,105.78473697982002),
(2,14,20.9794904373108,105.78715329967156),
(2,15,20.981120893582812,105.78918654471045),
(2,16,20.982915239466877,105.79146423979324),
(2,17,20.984012112441476,105.79285742705395),
(2,18,20.986284163383857,105.79604391122075),
(2,19,20.9884499808782,105.79911636864273),
(2,20,20.989141203295134,105.80009844600039),
(2,21,20.990195602750973,105.80171267774011),
(2,22,20.993241798484235,105.80603527215203),
(2,23,20.993823345563015,105.806767261385),
(2,24,20.995435188996154,105.80908081189182),
(2,25,20.997818131798127,105.81271048569397),
(2,26,20.999542692188044,105.81524644522722),
(2,27,21.00080818226951,105.81716498072785),
(2,28,21.001774600294837,105.8187031314095),
(2,29,21.00268434506549,105.81992689887272),
(2,30,21.002844973550296,105.82079345350763),
(2,31,21.002546536396196,105.82182308924871),
(2,32,21.00226908653181,105.8226614886787),
(2,33,21.001475959666962,105.82579882068927),
(2,34,21.001306189216464,105.82670650220331),
(2,35,21.000202053342818,105.83004481054263),
(2,36,20.99933935641046,105.83338991252134),
(2,37,20.998310993692513,105.83829315505096),
(2,38,20.9967297283207,105.84473677188197),
(2,39,20.996363362040512,105.84592275936387),
(2,40,20.99554107038641,105.85240209625124),
(2,41,20.99503463627876,105.85713910877189),
(2,42,20.995110235905116,105.85895883276686),
(2,43,20.997454967752574,105.8658873728013);

INSERT INTO route_points (route_id, point_order, lat, lon) VALUES
(3,1,20.949395211153018,105.74807101136821),
(3,2,20.951216501751787,105.75047776768992),
(3,3,20.954182841583332,105.75439534166367),
(3,4,20.956287724463735,105.75714712306615),
(3,5,20.956803113385163,105.75793294650595),
(3,6,20.958073389992762,105.75955997273712),
(3,7,20.960000758507803,105.76202574451281),
(3,8,20.963497320965246,105.76649327067054),
(3,9,20.96520927991274,105.76868644802886),
(3,10,20.967356249175737,105.771484583166),
(3,11,20.970684218474517,105.77569725282285),
(3,12,20.972411263908896,105.77778713085348),
(3,13,20.97590969306745,105.7825938404556),
(3,14,20.977573811559893,105.78477828231638),
(3,15,20.97949413908171,105.78716545696841),
(3,16,20.981116347988788,105.78919888608726),
(3,17,20.982919528300314,105.79147694865435),
(3,18,20.983999549994024,105.79284530707957),
(3,19,20.986278262947067,105.79606297100952),
(3,20,20.988435322196807,105.79911499392915),
(3,21,20.989126156098763,105.80010376840482),
(3,22,20.990212391657977,105.80172799946791),
(3,23,20.99327345333937,105.8060750367357),
(3,24,20.995413584592526,105.8090946472488),
(3,25,20.99782616084177,105.81269632427183),
(3,26,20.999525070787172,105.81521791908858),
(3,27,21.000785828694006,105.81713708131542),
(3,28,21.003202738424193,105.82042184230215),
(3,29,21.00437278895555,105.82190602228548),
(3,30,21.004945115576007,105.82238335419191),
(3,31,21.005647482124814,105.82271191834468),
(3,32,21.005746670332044,105.82252533472172),
(3,33,21.004781470218077,105.82204668404921),
(3,34,21.004019535823787,105.82126166208036),
(3,35,21.003443752782246,105.82044795003685),
(3,36,21.00338085198102,105.81958759221902),
(3,37,21.003876802154764,105.81864691343299),
(3,38,21.004620293472158,105.81773993264756),
(3,39,21.004888829095435,105.81735639964404),
(3,40,21.005941990010328,105.81664474095328),
(3,41,21.008915379988565,105.81432569047763),
(3,42,21.00983378138619,105.8128422942259),
(3,43,21.01141974913189,105.81035767711444),
(3,44,21.01306939689752,105.80799780714602),
(3,45,21.01600933749262,105.80455836169483),
(3,46,21.016572604131895,105.80401857933964),
(3,47,21.01809781641927,105.80297266117009),
(3,48,21.02002606597749,105.80198430731639),
(3,49,21.02197510196646,105.80081208741461),
(3,50,21.023381548054616,105.79931072872438),
(3,51,21.024173897840853,105.79839101828804),
(3,52,21.024633884180204,105.79818335508298),
(3,53,21.025373132257187,105.79827156383163),
(3,54,21.026678140995756,105.79889351028254),
(3,55,21.027319999468034,105.7994436236304),
(3,56,21.029468709015816,105.80144406564739),
(3,57,21.029405819190345,105.80229924058807),
(3,58,21.028771761738383,105.80356711213881);

INSERT INTO route_points (route_id, point_order, lat, lon) VALUES
(4,1,20.962860626941946,105.74841566651344),
(4,2,20.964039773687787,105.75045418416352),
(4,3,20.96491878089627,105.75131836365154),
(4,4,20.966630096618758,105.75242312591087),
(4,5,20.96804801489462,105.75336801024434),
(4,6,20.968398724964956,105.75400615723811),
(4,7,20.96878082212281,105.75408020212177),
(4,8,20.9691228892263,105.75408020212177),
(4,9,20.970729159663094,105.75511825197924),
(4,10,20.971809496645193,105.75619716048635),
(4,11,20.97271195160701,105.75733121636154),
(4,12,20.97525676942135,105.76063501497947),
(4,13,20.97845365262131,105.76473398174676),
(4,14,20.98152899180137,105.76870257276289),
(4,15,20.982224328699743,105.76986959938131),
(4,16,20.983462613918917,105.77212333925695),
(4,17,20.98439180657867,105.7741527671555),
(4,18,20.98530146275607,105.77571160680912),
(4,19,20.986601019269543,105.77761962053637),
(4,20,20.988281318227507,105.78001682748936),
(4,21,20.99087491398484,105.7837190244561),
(4,22,20.99181601354678,105.78510191260847),
(4,23,20.993848580375598,105.78904880216743),
(4,24,20.995764492002166,105.79178628263878),
(4,25,20.997296042039636,105.79401793495782),
(4,26,21.00057605771819,105.7986824384472),
(4,27,21.00161208407191,105.79966988470841),
(4,28,21.002654923183314,105.80106518888374),
(4,29,21.00523259325817,105.80472850280444),
(4,30,21.004052182551902,105.80650471520823),
(4,31,21.00376768442409,105.80701082986309);

INSERT INTO route_points (route_id, point_order, lat, lon) VALUES
(5,1,20.962869368718543,105.74844721874416),
(5,2,20.964131818923406,105.75057172202702),
(5,3,20.965153473174027,105.7514883594979),
(5,4,20.966654972425573,105.752436848804),
(5,5,20.96809847825996,105.7533922814502),
(5,6,20.968251500077315,105.75377993329823),
(5,7,20.968138867401308,105.75456396487834),
(5,8,20.967493218145805,105.7555488878694),
(5,9,20.96544912515712,105.75936886308278),
(5,10,20.962759335852667,105.76408654370522),
(5,11,20.962178590400825,105.76500948282802),
(5,12,20.96520081084485,105.76868633085894),
(5,13,20.967364048902112,105.77150153434536),
(5,14,20.970648589739938,105.7756684014343),
(5,15,20.972411585098868,105.77780012537215),
(5,16,20.974563148557067,105.78079050877443),
(5,17,20.97232337468259,105.78256155540947),
(5,18,20.97015491860958,105.78444726277996),
(5,19,20.969031504660762,105.78547134641445),
(5,20,20.968634882435325,105.78591111415676),
(5,21,20.968086028719142,105.7874858131525),
(5,22,20.967105922268644,105.7892865897852),
(5,23,20.96466247648999,105.79390256486255),
(5,24,20.962764261339686,105.79743935375018),
(5,25,20.963409271435907,105.79775815159218),
(5,26,20.964252741979465,105.79795740024304),
(5,27,20.96469287908988,105.79844584671991),
(5,28,20.967179641045362,105.80289798339186),
(5,29,20.968501603013408,105.80528831599412),
(5,30,20.96975024943022,105.80662353691088),
(5,31,20.973876944881027,105.80923455577903),
(5,32,20.976886932982183,105.81121551548239),
(5,33,20.978857173082986,105.81247794346501),
(5,34,20.97581700897635,105.81465899574624),
(5,35,20.974297329338228,105.81605466831076),
(5,36,20.972908424041833,105.81802470782992),
(5,37,20.971358015842952,105.82265391207557),
(5,38,20.970222525712643,105.82626279295994),
(5,39,20.96840079502671,105.82975350729032),
(5,40,20.96654993453879,105.83347385166479),
(5,41,20.96598846642307,105.83638188513237),
(5,42,20.965678375008977,105.84167259473202),
(5,43,20.965532919533715,105.84510687853776),
(5,44,20.965520516450894,105.84891384688706),
(5,45,20.965508549770604,105.85065965708503),
(5,46,20.96491974374463,105.8541568507386);
